{
    "noise_density": 0.05,
    "time_step": 0.15,
    "steps_per_frame": 5,
    "width": 500,
    "height": 500,
    "coral": {
        "frequency": 7.0,
        "scale": 3.0,
        "diffA": 1.0,
        "diffB": 0.5,
        "feed_rate": 0.055,
        "kill_rate": 0.062
    },
    "mitosis": {
        "steps_per_frame": 20,
        "noise_density": 0.03,
        "frequency": 3.5,
        "scale": 1.5,
        "diffA": 1.0,
        "diffB": 0.5,
        "feed_rate": 0.0367,
        "kill_rate": 0.0649
    },
    "solitons": {
        "frequency": 4.0,
        "scale": 1.5,
        "diffA": 1.0,
        "diffB": 0.5,
        "feed_rate": 0.03,
        "kill_rate": 0.062
    },
    "pulsating_solitons": {
        "noise_density": 0.02,
        "frequency": 4.0,
        "scale": 1.5,
        "diffA": 1.0,
        "diffB": 0.5,
        "feed_rate": 0.025,
        "kill_rate": 0.06
    },
    "worms": {
        "steps_per_frame": 20,
        "frequency": 6.0,
        "scale": 3.0,
        "diffA": 1.0,
        "diffB": 0.5,
        "feed_rate": 0.078,
        "kill_rate": 0.061
    },
    "mazes": {
        "frequency": 15.0,
        "scale": 3.0,
        "diffA": 1.0,
        "diffB": 0.5,
        "feed_rate": 0.029,
        "kill_rate": 0.057
    },
    "holes": {
        "frequency": 8.0,
        "scale": 10.0,
        "diffA": 1.0,
        "diffB": 0.5,
        "feed_rate": 0.039,
        "kill_rate": 0.058
    },
    "u_skate_world": {
        "frequency": 5.0,
        "scale": 2.0,
        "diffA": 1.0,
        "diffB": 0.5,
        "feed_rate": 0.062,
        "kill_rate": 0.0609
    },
    "chaos": {
        "frequency": 20.0,
        "scale": 5.0,
        "diffA": 1.0,
        "diffB": 0.5,
        "feed_rate": 0.026,
        "kill_rate": 0.051
    },
    "test": {
        "frequency": 10.0,
        "scale": 3.0,
        "diffA": 0.01,
        "diffB": 0.5,
        "feed_rate": 0.055,
        "kill_rate": 0.0649
    }
}